name,bus0,bus1,r,x,b,s_nom,s_max_pu,length,num_parallel
1,AZ0 0,AZ0 1,12.7176294143541,55.084089697134935,2.2275008524878583e-05,201.1777012991251,1.0,273.97262405833817,0.5
2,AZ0 0,AZ0 2,6.9940144409936345,73.8396820399975,4.209186259634628e-05,2002.0794111327864,1.0,426.4098605543762,4.975897920604915
3,AZ0 0,AZ0 3,8.900878905837203,38.33731632399681,3.0007476781877053e-05,201.1777012991251,1.0,271.8069907445533,0.5
4,AZ0 0,AZ0 4,1.7541784842380959,35.122756023805984,6.680542051399408e-05,8254.180374001626,1.0,357.35442723049243,20.514650283553877
5,AZ0 0,NM0 0,1.2930502922248954,9.507908153921257,0.0001952899211160799,4708.280776812511,0.9999999999999998,345.69911186153524,11.70179584120983
6,AZ0 0,UT0 1,32.19554339759037,126.23362555518868,4.676621719154826e-05,201.1777012991251,1.0,604.4226429132699,0.5
7,AZ0 1,AZ0 3,5.164165951060551,77.71983012237209,1.3586579423745224e-05,1901.4905604832238,1.0,258.98801511953104,4.725897920604915
8,AZ0 1,AZ0 4,1.0169727200111607,5.987282511010965,8.997155767666404e-05,2404.4348137310367,1.0,190.07500536358646,5.975897920604915
9,AZ0 1,AZ0 5,3.101449226480036,28.021498488184456,3.251950136778151e-05,2102.668261782349,0.9999999999999999,239.28488190872906,5.225897920604915
10,AZ0 2,AZ0 4,0.6725183135992012,5.633376558326388,0.0001449122083244074,8958.302328548565,1.0,227.00898031913005,22.264650283553877
11,AZ0 2,NM0 0,5.126353445159522,42.95423016808509,0.00010437023610690844,2203.2571124319115,0.9999999999999999,548.827859921428,5.475897920604915
12,AZ0 3,AZ0 5,36.826563616866416,154.81074448573426,1.9377640215553827e-05,100.58885064956254,1.0,427.11670950312856,0.25
13,AZ0 3,NV0 0,4.98920464540472,133.4319579803434,1.58892237249153e-05,4451.199253035179,1.0,404.46933570546923,11.062854442344046
14,AZ0 3,UT0 0,3.6060362640854993,27.346434545329785,0.00014270072461548648,2496.9765563286337,1.0000000000000002,497.51531630706614,6.205897920604915
15,AZ0 4,AZ0 5,3.5728815170623442,30.230583570393442,3.9255530012326904e-05,2102.668261782349,0.9999999999999999,283.1336273285152,5.225897920604915
16,AZ0 4,CA_150 0,6.028741166332553,156.03633386635246,2.0726840955181964e-05,4451.199253035179,1.0,445.23100771780037,11.062854442344046
17,AZ0 5,CA_150 0,1.468495451950532,22.480427614888708,4.157587069784059e-05,5601.935704466174,1.0000000000000002,240.78103649850232,13.922854442344045
18,AZ0 5,NV0 0,2.256940972675,14.42347248522045,0.00011114422218085155,2303.845963081474,1.0,266.65129426338166,5.725897920604915
19,AZ0 5,US0 0,6.930667482822115,49.43827717246533,0.0005898410572505476,2505.0236643805993,0.9999999999999999,1241.1399391883012,6.225897920604915
20,CA_10 0,CA_110 0,4.387225125684879,128.72154042849525,1.4949462643384149e-05,4451.199253035179,1.0,285.83601184088525,11.062854442344046
21,CA_10 0,CA_160 8,14.349787661787385,104.16030707969855,6.6054739437022044e-06,144.84794493537007,1.0,173.06051293303375,0.36
22,CA_10 0,CA_20 0,2.489435883333697,16.678930642477283,9.270838926936837e-05,1629.5393805229132,1.0,312.2424607759573,4.05
23,CA_10 0,OR0 2,4.679294578484729,33.600167578271865,6.36382785178583e-05,1194.995545716803,1.0,368.4946300399646,2.9699999999999998
24,CA_10 0,US0 0,1.047907219484884,9.314730839865637,0.0,3150.442802344299,1.0,271.4952377964467,7.83
25,CA_100 0,CA_100 1,0.9323556133324268,6.34406460518492,4.651126770826458e-05,1629.5393805229137,1.0,136.8523221107245,4.05
26,CA_100 0,CA_140 0,11.996914015188542,67.41490219232392,1.4273199974837105e-05,144.84794493537007,1.0,241.397019669926,0.36
27,CA_100 0,CA_150 0,0.562582900635486,7.782738305239221,4.227453150801931e-05,10097.39405178716,1.0,141.49934321383662,25.095708884688094
28,CA_100 0,CA_160 12,4.554465324296339,26.293280674349024,1.1801561795276648e-05,144.84794493537007,1.0,134.4104240149669,0.36
29,CA_100 0,CA_70 0,0.03320783825510963,0.2475758203554738,4.956222808423864e-05,13504.195811495809,1.0,25.273919589387393,33.56285444234404
30,CA_100 1,CA_140 0,1.0557119171314668,17.106248524535125,1.0075954489052625e-05,4596.047197970549,1.0,105.73496545595304,11.422854442344045
31,CA_100 1,CA_150 0,0.6553191166375588,9.94043570451179,6.16519653832415e-05,11002.693707633225,0.9999999999999998,185.8314106491417,27.345708884688094
32,CA_100 1,CA_160 12,2.4511325129978836,12.052789974426478,7.126131270913208e-06,289.69588987074013,1.0,78.80372457596049,0.72
33,CA_100 1,CA_160 6,0.1414366360406063,0.8582902977535855,4.188368733976829e-05,2788.322940005873,1.0000000000000002,42.63813367257952,6.9300000000000015
34,CA_100 1,CA_70 0,2.7837170235758446,14.364953074929014,2.883182062761882e-05,289.69588987074013,1.0,149.03104646137317,0.72
35,CA_100 1,CA_80 1,0.3274142580193615,1.971148176535206,3.5290447673933144e-05,1919.2352703936535,1.0,57.75143128782324,4.77
36,CA_100 1,CA_90 1,0.2440697045023841,2.491603881048293,4.54095771593947e-05,8036.185890185588,1.0000000000000002,72.67185391097884,19.972854442344044
37,CA_110 0,CA_120 1,0.1833336479577683,1.5318036627820037,0.0002598928299202357,19147.515556520342,0.9999999999999998,151.38361227950352,47.58856332703213
38,CA_110 0,CA_120 2,1.3531454767028859,18.144066817410906,3.9530700195158035e-05,5501.346853816612,1.0,221.61888932551432,13.672854442344045
39,CA_110 0,CA_160 1,1.4209425911291889,10.25370382895585,4.652321532648331e-05,1339.8434906521732,1.0,157.82847333248793,3.33
40,CA_110 0,CA_160 3,1.5273469499910053,12.750557400689454,5.9335303659949033e-05,2100.295201562866,0.9999999999999999,217.6684204899945,5.22
41,CA_110 0,CA_160 5,0.28605691066754113,2.0038806922172956,4.323006551229082e-05,3440.1386922150396,0.9999999999999998,75.86009619196516,8.55
42,CA_110 0,CA_160 8,3.044871673767519,18.575574266000086,5.817178991607015e-05,1194.995545716803,1.0,257.6290809088027,2.9699999999999998
43,CA_110 0,CA_20 0,1.7741817312305639,52.728087183810466,9.062047182268474e-06,4451.199253035179,1.0,172.45777174436253,11.062854442344046
44,CA_110 0,NV0 1,17.653055525123964,49.564348205155746,7.41433834758068e-06,4451.199253035179,1.0,244.5830746810022,11.062854442344046
45,CA_110 0,OR0 2,1.3555210817018917,32.90132246138248,0.00013783532931845613,17949.644957076085,1.0000000000000002,509.6829873812993,44.61141776937618
46,CA_120 0,CA_120 1,0.8333094906453777,9.628370026191867,3.500186749823733e-05,5646.194798751982,1.0,145.53248805324898,14.032854442344044
47,CA_120 0,CA_120 2,0.6421949416668837,3.8851052293779107,7.508116366956204e-05,1919.2352703936535,1.0,127.9112435446229,4.77
48,CA_120 0,CA_130 0,1.378320898620093,17.507231827441547,5.780945691515747e-05,5791.042743687352,1.0,245.67965228420292,14.392854442344046
49,CA_120 0,CA_160 9,1.3368237658290223,9.878585978843102,2.157996545134725e-05,1194.995545716803,1.0,112.70386014672285,2.9699999999999998
50,CA_120 0,CA_40 0,0.9938529080410957,6.690268324417153,3.640768202406858e-05,1484.6914355875433,1.0,124.01122425842331,3.69
51,CA_120 1,CA_120 2,0.24765660790802246,2.049779381331299,7.601488232529771e-05,10350.877955424061,0.9999999999999997,94.39348781702296,25.72570888468809
52,CA_120 1,CA_160 1,0.8464533884654972,4.395060950182024,4.410063182983887e-05,579.3917797414803,1.0,105.612591627232,1.44
53,CA_120 1,CA_160 5,4.37795275013025,49.30796550902511,1.5404814592066245e-05,905.2996558460629,1.0,193.8788631545212,2.25
54,CA_120 1,CA_30 0,3.2013129329481846,31.45457389306369,1.2780664630854643e-05,905.2996558460629,1.0,165.9378488114066,2.25
55,CA_120 2,CA_20 0,0.5431372975594086,5.086993352592782,6.691554614545658e-05,6080.738633558091,1.0000000000000002,131.53213424641476,15.112854442344043
56,CA_120 2,CA_30 0,0.09013702745299737,0.7735919670885564,0.00013462821812044483,14156.011563704975,1.0,71.71365778215329,35.182854442344045
57,CA_120 2,CA_40 0,0.41880880681915805,3.223360052326463,7.961145359008282e-05,4200.590403125732,1.0,127.78784313727229,10.44
58,CA_120 2,US0 0,11.381458015356248,62.105718446788885,5.829444034506531e-05,289.69588987074013,1.0,445.29187345526026,0.72
59,CA_130 0,CA_140 0,3.7285124827339344,102.78601979428684,1.1945868670490528e-05,4451.199253035179,1.0,308.4414677191263,11.062854442344046
60,CA_130 0,CA_160 0,0.6256997879546844,8.906763405212736,8.241565923031155e-05,11147.541652568598,0.9999999999999997,225.26502374424294,27.70570888468809
61,CA_130 0,CA_160 10,1.0795965817971938,7.247479448539211,7.024651517877807e-05,1629.5393805229135,0.9999999999999999,174.8287031536944,4.05
62,CA_130 0,CA_160 2,1.0301570287313262,7.343074130207223,5.4455349820407863e-05,1484.6914355875433,1.0,150.61371359919042,3.69
63,CA_130 0,CA_160 7,1.236736081858373,8.786342606474523,5.100119148943472e-05,1484.6914355875433,0.9999999999999999,177.5352231842753,3.69
64,CA_130 0,CA_30 0,3.475297232910289,51.34606545135253,3.8136760936029657e-05,4596.047197970549,1.0,353.550942009924,11.422854442344045
65,CA_130 0,CA_40 0,1.6573708119507424,18.084470005303213,6.633342570298816e-05,5646.1947987519825,1.0,277.65084191280835,14.032854442344046
66,CA_130 0,CA_50 0,1.1682095909509693,10.432507934532671,6.018082568621784e-05,4885.743087841289,1.0,195.66290962854572,12.142854442344046
67,CA_130 0,CA_60 1,3.0760346479279423,85.6717217483715,1.401005960707283e-05,4451.199253035179,1.0,268.7106081195993,11.062854442344046
68,CA_130 0,CA_90 0,5.638217748169389,66.5828240048061,2.0528810765120504e-05,905.2996558460629,1.0,273.9947691143244,2.25
69,CA_140 0,CA_150 0,1.4620336777262364,10.127571989676897,0.00010153532960902396,2389.991091433606,1.0,254.9027663255293,5.9399999999999995
70,CA_140 0,CA_160 0,0.48240820827453734,3.3167521809058385,0.00012637215587838429,4019.5304719565192,1.0,151.2173108160311,9.989999999999998
71,CA_140 0,CA_160 10,0.23947452378618783,2.02910987607792,0.0001704356459716216,10426.176981619194,1.0,133.72840664552484,25.912854442344045
72,CA_140 0,CA_160 12,3.88277850620436,21.85371077829379,1.4559496166486122e-05,289.69588987074013,1.0,139.48938835470807,0.72
73,CA_140 0,CA_160 13,0.5098084354971072,3.119121749118955,6.167848513127665e-05,2389.991091433606,1.0,106.23871385608,5.9399999999999995
74,CA_140 0,CA_160 4,0.6616231221016269,7.024700302072037,1.4567980678568284e-05,1955.447256627496,1.0,80.91705849390806,4.859999999999999
75,CA_140 0,CA_160 6,0.2522262199065537,1.4405704012716771,4.956110706142778e-05,2353.7791051997638,0.9999999999999999,63.32493910203347,5.8500000000000005
76,CA_140 0,CA_90 0,4.333071117250332,27.51274905284349,1.2475495789198224e-05,144.84794493537007,1.0,150.2213330933488,0.36
77,CA_140 0,CA_90 2,1.4438924699606301,39.191367041788524,7.84301516726377e-06,4451.199253035179,1.0,125.03928258779769,11.062854442344046
78,CA_140 0,NV0 0,1.1876721681915676,15.68920090143723,0.00013282653622195346,10531.937886593272,1.0,336.1998290460327,26.17570888468809
79,CA_150 0,CA_160 12,0.5373760707817354,3.956867324915226,5.8556855199669964e-05,2534.839036368976,1.0000000000000002,116.75164871211865,6.3
80,CA_150 0,NV0 0,15.233626369796344,91.3085223431607,3.095584356496043e-05,289.69588987074013,1.0,397.582521514151,0.72
81,CA_150 0,US0 0,3.78220142007445,52.41811871842221,0.0005240040554869015,11103.282558282788,0.9999999999999999,1252.3162366171541,27.595708884688094
82,CA_160 0,CA_160 10,1.2440468051940663,8.617033287626315,2.3247031248141556e-05,1194.9955457168032,0.9999999999999999,111.72375633105305,2.9699999999999998
83,CA_160 0,CA_160 13,0.8607194211217765,6.24662227929296,1.233351008910127e-05,1194.995545716803,1.0,71.64706195315689,2.9699999999999998
84,CA_160 0,CA_160 4,5.106190493806077,23.587976010850557,9.561518884499746e-06,144.84794493537007,1.0,117.39879848611245,0.36
85,CA_160 0,CA_60 1,1.19106324519504,6.739416686721808,1.2130534343482206e-05,289.69588987074013,1.0,73.48649475370831,0.72
86,CA_160 0,CA_90 0,0.10744365174002107,0.8570610218245753,4.553206676945887e-05,6445.7335496239675,1.0,49.11297564602988,16.02
87,CA_160 0,CA_90 1,1.5454843697522695,41.53411030937475,5.730641156790971e-06,4451.199253035179,1.0,122.5803426837812,11.062854442344046
88,CA_160 0,CA_90 2,0.4905522852441226,14.571068674260239,8.596355713880423e-06,8902.398506070358,1.0,87.01730123717503,22.12570888468809
89,CA_160 1,CA_160 2,21.08800487167093,117.53296183481358,9.7983962623111e-06,144.84794493537007,1.0,273.58873744634843,0.36
90,CA_160 1,CA_160 9,16.234938128155264,80.34847781290495,3.6037075871393865e-06,144.84794493537007,1.0,125.88363146411618,0.36
91,CA_160 1,NV0 1,1.6458382610422142,12.910651040866043,2.5576656661370676e-05,1339.8434906521732,1.0,134.2727301171467,3.33
92,CA_160 10,CA_160 7,2.9515780530259166,88.53079068580725,1.1657953637810592e-05,4451.199253035179,1.0,272.27241661671695,11.062854442344046
93,CA_160 10,CA_90 2,1.888785618596429,49.62658850984777,9.422337546228511e-06,4451.199253035179,1.0,167.81839165303094,11.062854442344046
94,CA_160 11,CA_160 3,6.661068861659907,39.94231244766565,1.1566206438379524e-05,144.84794493537007,1.0,177.55175566576725,0.36
95,CA_160 11,CA_160 5,2.4595724904245047,12.962758728664486,1.0696527478554378e-05,434.5438348061102,1.0,96.18425597744478,1.08
96,CA_160 11,NV0 1,3.07429483402723,19.319846203173988,1.756944215349651e-05,539.1562394816552,0.9999999999999999,140.1936958736081,1.3399999999999999
97,CA_160 12,CA_160 6,3.7590014291640323,22.859400652325064,5.6595085042868165e-06,144.84794493537007,1.0,91.24828500671566,0.36
98,CA_160 13,CA_160 4,0.5463194614113859,3.123509404190827,1.0359209026637254e-05,434.5438348061102,1.0,47.2986413652552,1.08
99,CA_160 13,CA_90 0,0.38378556082238857,4.273289514928341,1.127123942721286e-05,1955.447256627496,1.0,46.372002953392354,4.859999999999999
100,CA_160 13,CA_90 1,0.7526112426323833,7.2630935635816,6.215653134061119e-06,1050.147600781433,1.0,51.545249545695285,2.61
101,CA_160 13,CA_90 2,0.1565813333273645,0.8584467211640591,1.87491989435647e-05,1303.6315044183307,1.0000000000000002,27.09094428821664,3.2399999999999993
102,CA_160 2,CA_160 7,0.6822103461095115,8.345087630036092,8.882191060564085e-06,1810.5993116921259,1.0,63.911849803227305,4.5
103,CA_160 2,CA_160 9,6.250269440662093,34.9101125595454,1.0131477689368333e-05,144.84794493537007,1.0,148.16065731785332,0.36
104,CA_160 3,CA_160 5,3.7723647786246324,47.70710595915613,1.0688745572077107e-05,905.2996558460629,1.0,171.29923164607663,2.25
105,CA_160 3,CA_160 8,2.0758791083756347,11.542568355373827,2.468651102840736e-05,144.84794493537007,1.0,123.19046704211117,0.36
106,CA_160 3,OR0 2,2.9039129872588068,19.83575298640677,8.552507720594797e-05,1629.5393805229135,0.9999999999999999,314.2094067355451,4.05
107,CA_160 4,CA_160 6,0.9754919114926353,5.061130229936526,1.0743545907993583e-05,434.5438348061102,1.0,58.87390962880737,1.08
108,CA_160 4,CA_90 1,0.08870216874515424,0.5042186379072229,2.6896921311903726e-05,3114.2308161104565,1.0,26.309145539958323,7.74
109,CA_160 5,NV0 1,5.0025560110298,31.049436790492727,1.775805368150156e-05,144.84794493537007,1.0,195.74812055989113,0.36
110,CA_160 7,NV0 1,3.6029174369132386,100.93846773472546,1.3075134324680393e-05,4451.199253035179,1.0,315.14438565246644,11.062854442344046
111,CA_160 8,CA_20 0,12.197663173807001,90.8136244317451,2.1615936644107176e-05,144.84794493537007,1.0,372.26454693152823,0.36
112,CA_160 8,OR0 2,2.125493375755305,17.92129338641532,5.480755458877497e-05,2245.143146498236,0.9999999999999999,257.6165496267522,5.58
113,CA_160 9,NV0 1,4.308065458062803,25.963906781263066,2.5153078821866654e-05,144.84794493537007,1.0,196.56163499301957,0.36
114,CA_20 0,CA_30 0,0.921901353373998,5.311360804503247,9.707141916131745e-05,1629.5393805229135,0.9999999999999999,161.62422167801748,4.05
115,CA_20 0,OR0 2,40.241811534967596,201.11343533785723,3.214178711932449e-05,144.84794493537007,1.0,628.6894709273047,0.36
116,CA_20 0,US0 0,1.4924225947420948,8.033388367287232,0.00030567378902100393,1919.2352703936538,0.9999999999999998,378.02466198481767,4.77
117,CA_30 0,CA_40 0,0.18588147999662796,1.5636748125943758,9.493189170294388e-05,9665.7252707085,1.0,82.09812122098461,24.022854442344045
118,CA_30 0,US0 0,0.6050075799443693,3.4963215994664116,0.0016401742415566962,9270.268475863688,0.9999999999999997,510.17941542701703,23.04
119,CA_40 0,CA_50 0,0.9936962858996643,7.492643554660317,0.0002461446324551984,6660.130413299572,1.0,332.6134691750348,16.552854442344046
120,CA_40 0,CA_60 1,18.196621165792475,168.3971794955019,2.7060126309814877e-05,905.2996558460629,1.0,488.83819772892457,2.25
121,CA_40 0,US0 0,9.178745665834992,48.733017229526055,0.00011508889214074621,579.3917797414803,1.0,571.7423346094979,1.44
122,CA_50 0,CA_60 1,1.5041058284493656,9.777542959562837,5.260159477658972e-05,1629.5393805229137,1.0,171.0932223560499,4.05
123,CA_50 0,US0 0,9.416302218740826,44.40275993627093,0.0002714895391217975,1484.6914355875435,0.9999999999999998,879.2615382012993,3.6899999999999995
124,CA_60 0,CA_60 1,0.8389667265216165,9.068204880783966,2.9933880436956457e-05,4740.895142905919,1.0,131.1461107712605,11.782854442344046
125,CA_60 0,CA_70 0,5.611648260609686,51.404661326051404,8.723623659686381e-06,905.2996558460629,1.0,172.24580123656517,2.25
126,CA_60 0,CA_80 0,0.05004346815950177,0.31454182084562576,3.534650293200883e-05,5938.765742350172,1.0000000000000002,21.591831952827736,14.76
127,CA_60 0,CA_80 1,0.07328871330380292,0.5135731353392874,7.033876183162173e-05,6083.613687285543,1.0,40.27375310386644,15.119999999999997
128,CA_60 0,CA_90 0,2.8005846613574175,16.415946970655746,1.1427411528091715e-05,289.69588987074013,1.0,90.81314980046844,0.72
129,CA_60 0,CA_90 2,0.6680511807874627,4.110232963113772,1.2048200594713851e-05,434.5438348061102,1.0,51.327940447167315,1.08
130,CA_60 0,US0 0,3.436485136601809,20.96586875151536,0.0014362772331279572,4128.166430658047,1.0,1094.9496176351067,10.259999999999998
131,CA_60 1,CA_90 0,0.1366201591480916,0.9016986042033498,7.890540089716787e-05,2498.6270501351332,1.0000000000000002,58.95642222228549,6.210000000000001
132,CA_60 1,CA_90 2,1.1168096326842,32.57270631131138,6.100275479466777e-06,4451.199253035179,1.0,100.24050847413011,11.062854442344046
133,CA_60 1,US0 0,6.6252820259369924,37.5907425842608,0.0005369154367447988,1629.5393805229137,1.0,1003.1069459284774,4.05
134,CA_70 0,CA_80 1,7.343165433204729,44.23433083784357,1.046851441459676e-05,144.84794493537007,1.0,146.8180349449809,0.36
135,CA_70 0,US0 0,4.48887863791445,24.58022513926732,0.0014951780767469077,3367.714719747354,0.9999999999999998,1254.6514090610103,8.37
136,CA_80 0,CA_80 1,1.1039820575182524,7.997812585587736,7.734664184134731e-06,1194.9955457168032,0.9999999999999999,51.24386957281594,2.9699999999999998
137,CA_80 0,CA_90 1,0.10917257229641794,0.8053855543942068,2.98517578544385e-05,4779.982182867212,1.0,33.02279068120405,11.879999999999999
138,CA_80 0,CA_90 2,0.06986006249200541,0.5629172084605667,3.213796171595983e-05,5540.433893777905,1.0,29.77478148751721,13.769999999999998
139,CA_80 1,CA_90 1,0.20103870523434667,1.4131739331358015,2.6799639801242553e-05,3874.6825270211493,1.0,41.93909518732149,9.629999999999999
140,CA_90 0,CA_90 2,0.1476150550103299,1.1595554408776023,4.265085658002859e-05,5069.678072737952,1.0000000000000002,46.45510202503333,12.600000000000001
141,CA_90 0,US0 0,54.99704849169915,291.37892912328044,5.398090995846845e-05,144.84794493537007,1.0,1010.2852996905818,0.36
142,CA_90 1,CA_90 2,0.13061828857704869,1.1802100063528211,3.0155454941042543e-05,5685.281838713275,1.0,41.05534690355682,14.129999999999997
143,CO0 0,CO0 2,7.482173049941671,34.67901389270986,6.0318627454435496e-05,301.7665519486876,1.0,372.23196529960325,0.75
144,CO0 0,CO0 3,1.259276966427201,8.018877560923324,0.00010795280365650771,3114.393664380599,1.0,231.5369739479985,7.225897920604915
145,CO0 0,NM0 0,2.5581806936479214,16.924243696186405,0.0002977800304111327,3175.5348137310366,0.9999999999999999,559.675559422226,7.975897920604915
146,CO0 0,UT0 1,7.2432020119729135,37.42212575457599,2.7547990769717688e-05,494.89714519584766,1.0,254.60112440944607,1.23
147,CO0 1,CO0 2,0.5319473872969006,3.264094871259815,0.0001943312398894039,5050.040216329287,0.9999999999999999,196.2183250227793,10.975897920604915
148,CO0 1,CO0 3,0.7241742047951171,4.440830646197892,0.00010745604944430475,3400.085963081474,1.0,167.79523372218875,7.725897920604915
149,CO0 1,WY0 0,1.8365712387697302,14.126554124173506,0.00024049772480129765,4391.201409357616,1.0000000000000002,466.66827974904913,10.219999999999999
150,CO0 2,CO0 3,2.151658511752645,19.269100046619446,5.631016993775046e-05,2604.188261782349,0.9999999999999999,258.4155245980995,6.225897920604915
151,CO0 2,NM0 0,7.681515289141498,53.31451013898296,0.00012395520644209603,2203.2571124319115,1.0,619.4449899675426,5.475897920604915
152,ID0 0,ID0 1,35.30535729208515,191.49883995910074,2.6135550505521095e-05,144.84794493537007,1.0,569.6501134746838,0.36
153,ID0 0,MT0 0,1.768287990576975,12.014722908629066,0.00031135951534107573,3259.0787610458265,1.0,486.11815685010254,8.1
154,ID0 0,OR0 1,11.941621768386533,70.67552442753993,2.8048990210697346e-05,289.69588987074013,1.0,373.8672577501526,0.72
155,ID0 0,WA0 0,2.5655465625932505,18.25555932061805,4.7428647079023645e-05,1339.8434906521732,1.0,240.0355089954874,3.3299999999999996
156,ID0 0,WA0 5,0.22430710859307268,1.5119684823404662,9.236141394513371e-05,4598.922251698,1.0,92.12567443081541,11.43
157,ID0 1,ID0 2,2.2565177195522415,14.405097178891275,0.00013535600038532122,1629.5393805229132,1.0,352.08139048607586,4.05
158,ID0 1,MT0 0,11.99650794886094,79.222748970984,7.463455767073029e-05,434.5438348061102,1.0,629.6673588561531,1.08
159,ID0 1,NV0 2,3.9243151378773953,28.096938100925644,9.302607352944902e-05,1484.6914355875435,0.9999999999999998,417.81712960623764,3.6899999999999995
160,ID0 1,OR0 1,0.9808955659199358,7.524940016127002,0.00018557771783649595,3874.6825270211493,1.0,299.16318137635966,9.629999999999999
161,ID0 1,UT0 0,9.78514575667174,112.98242754196914,5.434800724886154e-05,905.2996558460629,1.0,593.817838108753,2.25
162,ID0 2,MT0 0,39.212458388868484,235.22538949692847,2.4203082004210106e-05,144.84794493537007,1.0,535.4180109123007,0.36
163,ID0 2,UT0 0,4.779448080013418,36.932201285382995,7.140165534854766e-05,1392.1496929899456,1.0,403.95427575573945,3.4599999999999995
164,ID0 2,WY0 0,4.33150241039747,26.011526436835997,0.00017903406979581752,724.2397246768503,1.0,519.8353257025854,1.7999999999999998
165,MT0 0,WA0 5,16.578175847896368,112.27260628454941,5.4459033588208625e-05,144.84794493537007,1.0,570.7120641571682,0.36
166,MT0 0,WY0 0,4.286350333035001,30.01796745810471,0.00025299012731657414,2534.839036368976,1.0000000000000002,711.057843518131,6.3
167,NM0 0,TX0 0,1.1123664695840898,6.336659344321942,0.00043667261698437785,4393.920216329286,1.0000000000000002,397.377382436057,9.975897920604915
168,NV0 0,NV0 2,35.618339630054315,237.763111923139,2.1646409299629988e-05,197.15414727314257,1.0,595.4957176343156,0.48999999999999994
169,NV0 0,UT0 0,4.069135566010913,34.17812175015749,0.00020417863736681268,2887.2612968489366,1.0,648.9700019187432,7.175897920604914
170,NV0 1,NV0 2,2.0242605829302383,23.796307193776613,0.00011878958987093685,7561.406515119653,1.0,394.34466767707397,18.792854442344044
171,NV0 1,OR0 1,19.816907483236555,111.1039774477223,0.00010186385498678826,394.30829454628514,1.0,773.932963458667,0.9799999999999999
172,NV0 2,UT0 0,5.460294778570517,38.31418206629071,4.774885203750062e-05,1299.6079503923481,1.0,423.26942283231796,3.2299999999999995
173,OR0 0,OR0 2,1.9540086589622927,13.455786938965922,0.00010171404187569246,1629.5393805229132,1.0,304.3572423452831,4.05
174,OR0 0,OR0 3,0.4269444067930226,3.1235886626686407,0.0002684598670695969,7275.734179274896,1.0,231.066880231639,18.082854442344047
175,OR0 0,US0 0,3.7782960601277833,26.76470405259503,0.0001530924589137615,1629.5393805229137,1.0,589.2646634193127,4.05
176,OR0 0,WA0 3,0.17360269599259592,1.3410068670739972,0.00015823792976467655,11729.808486037524,1.0,101.14474037994742,29.152854442344044
177,OR0 0,WA0 4,2.121074373787885,41.94980880681739,3.3252635559439834e-05,5356.498908881242,1.0,301.5720334428112,13.312854442344046
178,OR0 1,OR0 3,8.425549671326637,46.0721217483191,2.1907685489471364e-05,289.69588987074013,1.0,262.5562586145393,0.72
179,OR0 1,WA0 0,0.7970485007299887,6.9252671437335485,0.000107602039834815,6841.190344468784,1.0,214.47473018753647,17.002854442344045
180,OR0 2,OR0 3,0.7376427434480831,16.65442368336391,0.00011179106486249228,18094.492902011454,1.0,378.19649494358157,44.97141776937618
181,OR0 2,US0 0,2.4414067165138174,21.701393035678382,0.0,1194.9955457168032,0.9999999999999999,304.6810424336553,2.9699999999999998
182,OR0 3,WA0 0,0.7674074238330411,11.105370601175167,9.119197405624342e-05,11002.693707633225,0.9999999999999998,245.08308100004461,27.345708884688094
183,OR0 3,WA0 3,10.676510205666656,58.97073188728149,1.918191945630441e-05,289.69588987074013,1.0,234.24755108239276,0.72
184,OR0 3,WA0 4,0.23140429544147004,1.7990990108352831,0.00036436257251381795,10534.812940320722,1.0,195.99151671041992,26.18285444234404
185,US0 0,WA0 1,4.372748246066045,30.722721720957644,0.0005637681838695101,2824.5349262397162,1.0,1003.348966257244,7.0200000000000005
186,US0 0,WA0 3,11.609989178885604,98.37862669179312,2.1174705497357583e-05,289.69588987074013,1.0,681.1742089734877,0.72
187,US0 0,WA0 6,1.22055657603418,8.881332646121788,0.001442379619942142,7713.153067808456,1.0,874.5042287811527,19.17
188,UT0 0,UT0 1,1.1677628173553114,9.553880533489886,0.00010100365090076082,4889.3407079817225,1.0000000000000002,248.07772141772068,12.151795841209829
189,UT0 0,WY0 0,2.4528645283175243,21.122760035814686,0.00028202628923369846,4500.70646126792,1.0000000000000002,624.1509098079174,11.185897920604916
190,UT0 1,WY0 0,7.525846326394851,84.55630042844004,5.324989525361959e-05,2046.338505418594,1.0,527.8065362741687,5.085897920604915
191,WA0 0,WA0 2,6.642678037451623,43.316878123880144,2.474186733942797e-05,144.84794493537007,1.0,243.84291354224285,0.36
192,WA0 0,WA0 4,0.7473897233371184,13.365987174639749,3.77312404286923e-05,9192.094395941098,1.0,173.26079475853476,22.845708884688094
193,WA0 0,WA0 5,2.0831368718389913,14.589379228393925,5.319349025254817e-05,1339.8434906521732,1.0,228.55024408495592,3.33
194,WA0 1,WA0 2,1.5790785869249773,23.47667811679251,4.382654936455349e-05,5501.346853816613,0.9999999999999999,245.05830347587388,13.672854442344045
195,WA0 1,WA0 4,3.2977051040536236,98.70305098990539,1.567567589562445e-05,4451.199253035179,1.0,297.75178063999937,11.062854442344046
196,WA0 1,WA0 6,0.35708943264248555,2.949868207662784,0.0001095623474689124,5250.738003907165,1.0,133.24848891522694,13.05
197,WA0 2,WA0 4,0.8297992986954374,11.083118589858186,5.671442097349946e-05,10097.39405178716,1.0000000000000002,204.0269410815462,25.095708884688094
198,WA0 2,WA0 5,1.0169146880043063,13.400039637882049,4.0572383987672934e-05,6406.646509662674,1.0,198.45496435473888,15.922854442344045
199,WA0 2,WA0 6,5.174069915092025,69.2182260152718,1.751320320913417e-05,905.2996558460629,1.0,275.2133294876697,2.25
200,WA0 3,WA0 4,1.2764714670550543,19.18787150648979,4.068316207508811e-05,5646.1947987519825,1.0,231.40346574639895,14.032854442344046
201,WA0 3,WA0 6,0.46051406997209254,4.133218796506317,0.00015356788938071313,12487.385143220768,0.9999999999999999,198.4004996941827,31.03570888468809
202,WA0 4,WA0 6,0.8217160815018261,8.815391979219743,8.40787302900817e-05,6696.342399533414,1.0,225.12197257405415,16.642854442344046
